{
  "action_listen": {
    "precision": 1.0,
    "recall": 1.0,
    "f1-score": 1.0,
    "support": 15
  },
  "covid_info": {
    "precision": 1.0,
    "recall": 0.4666666666666667,
    "f1-score": 0.6363636363636364,
    "support": 15
  },
  "utter_covid_info": {
    "precision": 1.0,
    "recall": 1.0,
    "f1-score": 1.0,
    "support": 15
  },
  "micro avg": {
    "precision": 1.0,
    "recall": 0.8222222222222222,
    "f1-score": 0.9024390243902439,
    "support": 45
  },
  "macro avg": {
    "precision": 1.0,
    "recall": 0.8222222222222223,
    "f1-score": 0.8787878787878788,
    "support": 45
  },
  "weighted avg": {
    "precision": 1.0,
    "recall": 0.8222222222222222,
    "f1-score": 0.8787878787878788,
    "support": 45
  },
  "accuracy": 0.8222222222222222,
  "conversation_accuracy": {
    "accuracy": 0.4666666666666667,
    "correct": 7,
    "with_warnings": 7,
    "total": 15
  }
}