{
  "symptom": {
    "precision": 0.8763157894736842,
    "recall": 0.9487179487179487,
    "f1-score": 0.911080711354309,
    "support": 351,
    "confused_with": {}
  },
  "micro avg": {
    "precision": 0.8763157894736842,
    "recall": 0.9487179487179487,
    "f1-score": 0.911080711354309,
    "support": 351
  },
  "macro avg": {
    "precision": 0.8763157894736842,
    "recall": 0.9487179487179487,
    "f1-score": 0.911080711354309,
    "support": 351
  },
  "weighted avg": {
    "precision": 0.8763157894736842,
    "recall": 0.9487179487179487,
    "f1-score": 0.911080711354309,
    "support": 351
  },
  "accuracy": 0.9968954482495105
}