query_group,average_consistency
3,0.013888888888888888
3,0.015151515151515152
3,0.3636363636363636
3,1.0
3,0.057227047146401984
